<?xml version="1.0" encoding="UTF-8"?>
<!DOCTYPE hibernate-configuration PUBLIC "-//Hibernate/Hibernate Configuration DTD//EN"
                                        "http://hibernate.sourceforge.net/hibernate-configuration-3.0.dtd">
<hibernate-configuration>
 <session-factory>
 
   
  <property name="hibernate.connection.driver_class">oracle.jdbc.driver.OracleDriver</property>
  <property name="hibernate.connection.url">jdbc:oracle:thin:@127.0.0.1:1521:XE</property>
  <property name="hibernate.connection.username">hr</property>
  <property name="hibernate.connection.password">hr</property>
  <property name="show_sql">true</property>
  <property name="dialect">org.hibernate.dialect.OracleDialect</property>
  <property name="hibernate.hbm2ddl.auto">update</property>
	<mapping  class="answer1.Payment"/>
	  <mapping  class="answer1.Cash"/>
	  <mapping  class="answer1.CreditCard"/>
	  <mapping  class="answer2.Item"/>
	  <mapping  class="answer2.Manufacturer"/>
	  <mapping  class="answer3.Post"/>
	  <mapping  class="answer3.Reply"/>
	  <mapping  class="answer3Bidirectional.Post1"/>
	  <mapping  class="answer3Bidirectional.Reply1"/>
	  
 </session-factory>
</hibernate-configuration>
